{
  "project_info": {
    "project_number": "15523054281",
    "project_id": "chatapplication-8c6be",
    "storage_bucket": "chatapplication-8c6be.appspot.com"
  },
  "client": [
    {
      "client_info": {
        "mobilesdk_app_id": "1:15523054281:android:ed063d93484dd4b155c318",
        "android_client_info": {
          "package_name": "com.example.chatapplication"
        }
      },
      "oauth_client": [
        {
          "client_id": "15523054281-ko93datd3shh6f7cphe6ijv4t6ad2q0g.apps.googleusercontent.com",
          "client_type": 3
        }
      ],
      "api_key": [
        {
          "current_key": "AIzaSyCHoHuRm7PJYrCCWdF3hYjjm2f7wvPTGyE"
        }
      ],
      "services": {
        "appinvite_service": {
          "other_platform_oauth_client": [
            {
              "client_id": "15523054281-ko93datd3shh6f7cphe6ijv4t6ad2q0g.apps.googleusercontent.com",
              "client_type": 3
            }
          ]
        }
      }
    }
  ],
  "configuration_version": "1"
}